model,val_accuracy,macro_f1,macro_precision,macro_recall,misclassified,train_time_s
deep_sgd,0.9987577639751553,0.9984156339308194,0.9982796746844602,0.9985534326725041,3,428.82
baseline_adam,0.998343685300207,0.9982580890308705,0.9984197754436798,0.998099917933275,4,65.33
deep_adam,0.9975155279503105,0.9980427982137661,0.9983091255133727,0.9977871374538516,6,221.15
deep_nodrop,0.9962732919254659,0.995117283568946,0.9938384152400751,0.9964226368513508,8,324.26
transfer_finetune,0.9950310559006211,0.99160279830548,0.991119535847754,0.992174478765072,11,984.9
