model,val_accuracy,macro_f1,macro_precision,macro_recall,misclassified,train_time_s
transfer_finetune,0.9966873706004141,0.9952177791175707,0.9953144002078698,0.99512463919169,7,1411.58
baseline_adam,0.9664596273291925,0.9636644702393475,0.9682175219473516,0.9619956490163387,80,174.11
deep_nodrop,0.724223602484472,0.6361456454541368,0.8335417778905045,0.6231803568597785,666,143.8
deep_adam,0.39337474120082816,0.4098468088055783,0.7037642479992072,0.4463061273998029,1465,415.76
deep_sgd,0.26873706004140785,0.23418250102181953,0.5743750463367311,0.28186970742769457,1766,566.62
